[{"line":1,"elements":[{"start_timestamp":"2025-04-18T04:28:04.150Z","before":[{"result":{"status":"passed"},"match":{"location":"org.steps.Hooks.setUp()"}}],"line":3,"name":"Validate the wifi functionality with valid input","description":"","id":"wife-feature;validate-the-wifi-functionality-with-valid-input","after":[{"result":{"status":"passed"},"match":{"location":"org.steps.Hooks.tearDown()"}}],"type":"scenario","keyword":"Scenario","steps":[{"result":{"status":"passed"},"line":4,"name":"I have launch the application","match":{"location":"org.steps.LoginStespsClass.i_have_launch_the_application()"},"keyword":"Given "},{"result":{"status":"passed"},"line":5,"name":"I have selected \"<Preference>\" and clicked \"3. Preference dependencies\"","match":{"arguments":[{"val":"\"<Preference>\"","offset":16},{"val":"\"3. Preference dependencies\"","offset":43}],"location":"org.steps.LoginStespsClass.i_have_selected_and_clicked(java.lang.String,java.lang.String)"},"keyword":"When "},{"result":{"status":"passed"},"line":6,"name":"I have click the check button and enterd the \"<wifi name>\"","match":{"arguments":[{"val":"\"<wifi name>\"","offset":45}],"location":"org.steps.LoginStespsClass.i_have_click_the_check_button_and_enterd_the(java.lang.String)"},"keyword":"And "},{"result":{"status":"passed"},"line":7,"name":"the name should be accepted","match":{"location":"org.steps.LoginStespsClass.the_name_should_be_accepted()"},"keyword":"Then "}]}],"name":"Wife feature","description":"","id":"wife-feature","keyword":"Feature","uri":"file:src/test/resources/FeatureFile.feature","tags":[]}]